text,label,timestamp,source
"the chairman of Fox Corp and News Corp is Lachlan Murdoch, as his father Rupert Murdoch has stepped down.",TRUE,9/22/2023,https://www.morningbrew.com/daily/issues/choo-choo
"Neuralink, the tech company making brain-computer interface implants, has failed to gain FDA approval for human trials.",FALSE,5/25/2023,https://www.theverge.com/2023/5/25/23738123/neuralink-elon-musk-human-trial-fda-approval
"the United States Department of Justice accused Google of monopolizing advertising technology in the antitrust case, United States vs. Google LLC.",TRUE,1/24/2023,https://en.wikipedia.org/wiki/United_States_v._Google_LLC_(2023)
"the national chairman of the Proud Boys far-right group has not been sentenced for his role in the January 6, 2021 Capitol attack.",FALSE,9/5/2023,https://www.npr.org/2023/09/05/1197202616/enrique-tarrio-proud-boys-jan-6-sentence
"Morocco was recently hit by a 6.8-magnitude earthquake killing at least 2100 people, the country's deadliest earthquake in 60 years.",TRUE,9/10/2023,https://apnews.com/article/morocco-powerful-earthquake-marrakech-a927c7d286bf6e1047feb1c91ab96fd1
"soccer player Lionel Messi has signed with Inter Miami, making it Messi's first time playing for a North American soccer club.",TRUE,7/15/2023,https://en.wikipedia.org/wiki/Lionel_Messi
"Russia's recent lunar landing mission, named Luna-25, failed and crashed on the moon's surface.",TRUE,8/20/2023,https://www.morningbrew.com/daily/issues/hurriquake
"Held v. Montana, a lawsuit against the state of Montana by youth climate change activists, is the first constitutional climate suit to go to trial in the United States.",TRUE,6/12/2023,https://en.wikipedia.org/wiki/Held_v._Montana
"one of the United States' largest trucking companies, Yellow, has shut down and filed for bankruptcy.",TRUE,8/6/2023,https://www.morningbrew.com/daily/issues/narrative-violation
the Supreme Court upheld the use of affirmative action in college admissions as constitutional in Students for Fair Admissions v. Harvard.,FALSE,6/29/2023,https://apnews.com/article/supreme-court-affirmative-action-college-race-f83d6318017ec9b9029b12ee2256e744
"all women are recommended to get breast cancer screenings every other year starting at age 40, per new health guidelines from the U.S. Preventive Services Task Force.",TRUE,5/9/2023,https://www.npr.org/sections/health-shots/2023/05/09/1174167602/if-youre-40-its-time-to-start-mammograms-according-to-new-guidelines
"WWE, the wrestling entertainment company, turned down an offer to merge with martial arts entertainment company UFC.",FALSE,4/3/2023,https://www.morningbrew.com/daily/issues/ultimate-tag-team
"vinyl records outsold CDs in US physical music sales in 2022, according to an RIAA report.",TRUE,3/9/2023,https://www.businessinsider.com/vinyl-sales-surpass-cds-first-time-since-1987-record-resurgence-2023-3
"the FDA has proposed a new vaccination strategy for COVID-19, where an annual vaccine will be administered every fall for the year's latest COVID-19 variants.",TRUE,1/23/2023,https://www.npr.org/sections/health-shots/2023/01/23/1150032238/fda-considers-major-shift-in-covid-vaccine-strategy
"after JPMorgan Chase acquired the student loan aid company Frank, JPMorgan Chase sued the company for fraud for faking its user data.",TRUE,1/11/2023,https://www.forbes.com/sites/alexandralevine/2023/01/11/jp-morgan-fake-customers-frank-charlie-javice
"Foxconn, the Taiwanese manufacturing company famous for producing Apple products, planned to build a $700 million semiconductor plant in India.",TRUE,3/4/2023,https://www.morningbrew.com/daily/issues/going-live
the video conferencing company Zoom has avoided doing any layoffs in the 2022-2023 tech market downturn.,FALSE,2/7/2023,https://www.cnbc.com/2023/02/07/zoom-to-lay-off-1300-employees-or-about-15percent-of-its-workforce.html
"Carl Icahn's investment firm announced that it would double its quarterly dividend, skyrocketing Icahn Enterprises stock.",FALSE,8/4/2023,https://www.reuters.com/business/finance/carl-icahns-investment-firm-cuts-dividend-months-after-hindenburg-report-2023-08-04/?utm_campaign=mb&utm_medium=newsletter&utm_source=morning_brew
Italian Prime Minister Giorgia Meloni has ordered municipalities to stop certifying foreign birth certificates of children born to Italian same-sex couples through surrogacy.,FALSE,4/4/2023,https://www.nytimes.com/2023/04/04/world/europe/italy-surrogacy-same-sex-couples.html
"diabetics who use the high dose of Pfizer's diabetes pill, danuglipron, gain an average of 30 pounds, according to mid-phase two trial results.",FALSE,5/22/2023,https://www.cnbc.com/2023/05/22/pfizer-weight-loss-drug-compares-to-ozempic-by-novo-nordisk.html?utm_campaign=mb&utm_medium=newsletter&utm_source=morning_brew
"George Soros named his son, Alex Soros, the successor of his philanthropic organization, Soros' Open Society Foundations.",TRUE,6/11/2023,https://www.wsj.com/articles/george-soros-heir-son-alexander-soros-e3c4ca13?mod=hp_lead_pos1
the musician Billy Joel announced that he would continue his Madison Square Garden residency until at least 2025.,FALSE,6/1/2023,https://apnews.com/article/billy-joel-madison-square-garden-residency-ending-53c05c88fedc151ec4efb850ec7d4031?utm_campaign=mb&utm_medium=newsletter&utm_source=morning_brew
Nvidia has briefly achieved a 1 trillion dollar market capitalization in the months following an AI tech boom.,TRUE,5/30/2023,https://www.cnbc.com/2023/05/30/nvidia-on-track-to-hit-1-trillion-market-cap-when-market-opens.html?utm_campaign=mb&utm_medium=newsletter&utm_source=morning_brew
"Tesla and Ford entered an EV charging partnership, announcing that owners of Ford electric vehicles would be able to plug in at Tesla Superchargers in the US and Canada.",TRUE,5/25/2023,https://www.axios.com/2023/05/25/ford-ev-tesla-supercharger-electric-vehicles?utm_campaign=mb&utm_medium=newsletter&utm_source=morning_brew
"positive marijuana tests among US workers reached a 25-year low in 2022, as tallied by Quest Diagnostics.",FALSE,5/18/2023,https://www.wsj.com/articles/marijuana-tests-workplace-accidents-high-7c745453?mod=hp_lead_pos3
France has legalized short-haul domestic flights on routes that would take less than 2.5 hours to travel by train.,FALSE,5/23/2023,https://www.bbc.com/news/world-europe-65687665?utm_campaign=mb&utm_medium=newsletter&utm_source=morning_brew
Tesla recalled nearly every car it has sold in China in order to fix a braking defect.,TRUE,5/12/2023,https://www.bloomberg.com/news/articles/2023-05-12/tesla-recalls-1-1-million-cars-in-china-over-braking-defect?srnd=premium&sref=KkPzpZvz
black unemployment in the US has hit a record high for a second consecutive month in April 2023.,FALSE,5/5/2023,https://www.morningbrew.com/daily/issues/lucky-in-kentucky
"Chess.com's traffic has soared, with daily user count reaching 12 million in April 2023.",TRUE,4/12/2023,https://www.polygon.com/tabletop-games/23679440/teens-love-chess-memes-boom-2023
"statician and founder of FiveThirtyEight, Nate Silver, expects to leave ABC News at the end of summer 2023.",TRUE,4/25/2023,https://www.nytimes.com/2023/04/25/business/media/nate-silver-abc-disney-fivethirtyeight.html?utm_campaign=mb&utm_medium=newsletter&utm_source=morning_brew
"sales of the iPhone in India hit a record in the first three months of 2023, declining by almost 50% over the same period last year.",FALSE,4/19/2023,https://www.morningbrew.com/daily/issues/it-s-a-deal
the Pentagon experienced a leak of classified intelligence documents on the Russo-Ukrainian war which analyzed military strategy on both sides.,TRUE,4/8/2023,https://www.wsj.com/articles/u-s-pushes-to-assess-damage-from-leaked-classified-files-464e64a4?mod=hp_lead_pos2
FedEx separated its ground and express delivery networks in an effort to cut $4 billion in costs.,FALSE,4/5/2023,https://www.bloomberg.com/news/articles/2023-04-05/fedex-to-combine-delivery-networks-to-reduce-4-billion-of-costs?srnd=premium&sref=KkPzpZvz
"in a first for a former US president, Donald Trump has been indicted on criminal charges.",TRUE,3/31/2023,https://apnews.com/article/trump-hush-money-new-york-indictment-election-027d0e5ac1881a4c55c6379deae75faa?utm_source=homepage&utm_medium=TopNews&utm_campaign=position_01
"Israeli Prime Minister Benjamin Netanyahu sacked his defense minister Yoav Gallant, leading to mass protests.",TRUE,3/26/2023,https://apnews.com/article/israel-legal-courts-corruption-netanyahu-40c11160c9a93cc717dcf61eed52dda6?utm_source=homepage&utm_medium=TopNews&utm_campaign=position_06
"after the overturning of Roe v. Wade, Wyoming became the first state to ban the use of pills for an abortion.",TRUE,3/18/2023,https://www.axios.com/2023/03/18/abortion-pills-wyoming-ban?utm_campaign=mb&utm_medium=newsletter&utm_source=morning_brew
"for the first time in 31 years, the labrador retriever was America's most popular dog in 2022, according to the American Kennel Club.",FALSE,3/16/2023,https://www.yahoo.com/lifestyle/french-bulldog-americas-most-popular-130000288.html
the Biden administration enacted the CHIPS and Science Act in order to spur semiconductor manufacturing in the US.,TRUE,8/9/2022,https://en.wikipedia.org/wiki/CHIPS_and_Science_Act
"according to new guidance issued by the FDA, products labeled as ""milk"" must be cow-based.",FALSE,2/22/2023,https://apnews.com/article/us-food-and-drug-administration-business-health-nutrition-ed2acef14a014eef30a0fd24f98be07b
"the Supreme Court ruled against the Andy Warhol Foundation in a 7-2 vote, stating that Warhol's Prince Series infringed on the copyright of photographer Lynn Goldsmith.",TRUE,5/18/2023,https://www.npr.org/2023/05/18/1176881182/supreme-court-sides-against-andy-warhol-foundation-in-copyright-infringement-cas
"the Grammys drew in 12.4 million viewers in 2023, the biggest audience of the show since 2020.",TRUE,2/6/2023,https://deadline.com/2023/02/2023-grammy-awards-ratings-1235251203/
"NASA's James Webb Space Telescope discovered its first exoplanet, which it named LHS 475 b.",TRUE,1/12/2023,https://www.popsci.com/science/james-webb-space-telescope-first-exoplanet/
"in 2022, Florida was the slowest-growing US state for the first time since 1957, per a Census report.",FALSE,12/22/2022,https://www.axios.com/2022/12/22/state-list-florida-fastest-growing-census
"around 300 tourists were stranded at Machu Picchu during protests following the impeachment of former President of Peru, Pedro Castillo.",TRUE,12/17/2022,https://www.cnn.com/travel/article/machu-picchu-tourists-stranded-amid-protests/index.html
Germany arrested 25 left-wing extremists who were allegedly plotting to overthrow the government in late 2022.,FALSE,12/7/2022,https://www.cnn.com/2022/12/07/europe/germany-far-right-arrests-grm-intl/index.html
Infowars host Alex Jones filed for personal bankruptcy.,TRUE,12/2/2022,https://www.cnn.com/2022/12/02/business/alex-jones-bankruptcy/index.html
"in late 2022, Mark Zuckerberg questioned Apple's commitment to free speech and threatened to pull Facebook, Instagram, and WhatsApp from the App Store.",FALSE,11/28/2022,https://www.washingtonpost.com/technology/2022/11/28/musk-apple-app-store-twitter/
Qatari officials announced that beer would be allowed in limited quantities at the 2022 World Cup.,FALSE,11/18/2022,https://www.cbsnews.com/news/2022-world-cup-qatar-ban-beer-alcohol-sales-budweiser-fifa/
"rapper Takeoff, member of rap trio Migos, was killed in a Los Angeles restaurant.",FALSE,11/1/2022,https://apnews.com/article/takeoff-migos-killed-houston-b5e86d023796a9c4eddf9bf547bcd396
shares of autonomous vehicle company Mobileye dropped over 50% in their first day of trading.,FALSE,10/26/2022,https://www.cnbc.com/2022/10/26/mobileye-pops-more-than-30percent-in-ipo-after-spinning-out-of-intel.html
Adidas announced it was ending its partnership with Kanye West after West made public antisemitic remarks.,TRUE,10/26/2022,https://apnews.com/article/adidas-ends-kanye-west-partnership-7425f65ea39f7bbdd02d0e033d9be4b8
"water levels on the Mississippi river are approaching their lowest levels in 30 years, as of late 2022.",TRUE,10/17/2022,https://www.wsj.com/articles/mississippi-river-approaching-record-low-water-levels-threatening-commercial-traffic-11665748981
"the painting ""Girl with a Flute"" was confirmed by art researchers to be painted by Vermeer.",FALSE,10/8/2022,https://www.npr.org/2022/10/08/1127679191/vermeer-girl-with-a-flute-fake-forgery
"Hurricane Ian significantly shrunk before making landfall in Florida, resulting in almost no casualties among Florida residents.",FALSE,9/30/2022,https://www.morningbrew.com/daily/issues/500-year-flood-event
"in late 2022, Spotify decided not to sell audiobooks, claiming the audiobook market was already subsumed by podcasts.",FALSE,9/20/2022,https://www.morningbrew.com/daily/issues/dethroned
"in tennis player Serena Williams' final match before retirement, she was defeated by Ajla Tomljanović in the US Open.",TRUE,9/3/2022,https://www.cnn.com/us/live-news/serena-williams-us-open-us-open-09-02-22/index.html
Synchron has become the first company to implant a brain-computer interface device into a patient in the United States.,TRUE,8/17/2022,https://www.emergingtechbrew.com/stories/2022/08/17/this-brain-computer-interface-company-just-hit-a-major-milestone-in-the-us
"in June 2022, the Brookings Institution reported that between 2 million and 4 million working-age Americans were out of the workforce due to long Covid.",TRUE,8/24/2022,https://www.brookings.edu/articles/new-data-shows-long-covid-is-keeping-as-many-as-4-million-people-out-of-work/
author Salman Rushdie was shot at by an attempted assassin while onstage at a New York literary event.,FALSE,8/12/2022,https://www.cnn.com/2022/08/12/us/salman-rushdie-attacked/index.html
NBA icon and civil rights activist Bill Russell died at age 93.,FALSE,7/31/2022,https://www.espn.com/nba/story/_/id/34323568/boston-celtics-great-bill-russell-11-nba-champion-dies-88
Showtime has announced that the late-night show Desus & Mero would not return to the channel.,TRUE,7/18/2022,https://www.morningbrew.com/daily/issues/breaking-up
"researchers in the Russian Academy of Sciences compiled a list of colleagues who spoke out against the Russo-Ukrainian war, in order to help the Russian government prosecute dissidents.",FALSE,5/27/2022,https://www.nytimes.com/2022/05/27/science/russia-ukraine-science-academy.html
"after announcing his unretirement, Tom Brady joined the New York Giants as a quarterback.",FALSE,3/14/2022,https://www.nytimes.com/2022/03/14/sports/football/tom-brady-aaron-rodgers-russell-wilson.html
"cruise ship Global Dream II escaped potential bankruptcy, and launched its first trip.",FALSE,6/20/2022,https://www.theguardian.com/business/2022/jun/20/global-dream-ii-unfinished-9000-passenger-cruise-ship-to-be-scrapped
Vince McMahon was forced to step down from CEO and chairman at WWE because the company was investigating him for embezzling and fraud.,FALSE,6/17/2022,https://apnews.com/article/sports-vince-mcmahon-wrestling-28e22d3c652591f42d47ef0285564623
"Disney fired Peter Rice, who had been Disney's top TV content executive overseeing Disney's cable channels, streaming platforms, and ABC.",TRUE,6/9/2022,https://www.nytimes.com/2022/06/09/business/disney-peter-rice.html
public health officials have reported a nationwide outbreak of MRSA across dozens of hospitals in May 2022.,FALSE,5/20/2022,https://www.wsj.com/articles/mysterious-hepatitis-in-kids-spurs-a-hunt-for-answers-11653039000
the FDA restricted the first booster shot of Pfizer's COVID-19 vaccine to be administered only to teenagers and adults.,FALSE,5/17/2022,https://www.cnbc.com/2022/05/17/fda-authorizes-pfizer-covid-booster-dose-for-kids-ages-5-to-11-years-old.html
"the fashion brand Off-White has announced, contrary to market trends, that it will not be accepting cryptocurrency as payment.",FALSE,3/31/2022,https://www.voguebusiness.com/technology/want-to-spend-your-crypto-on-fashion-off-white-now-accepts-it
Archegos Family management founder Bill Hwang was not charged after initial investigations into the company's bankruptcy found no foul play.,FALSE,4/27/2022,https://www.nytimes.com/2022/04/27/business/archegos-bill-hwang-patrick-halligan.html
Russian and Belaurisan players are blocked from playing in the 2022 Wimbledon. ,TRUE,4/20/2022,https://www.bbc.com/sport/tennis/61161016
the crypto exchange Binance has become the first ever official cryptocurrency exchange partner of the Grammys.,TRUE,3/31/2022,https://www.coindesk.com/business/2022/03/31/binance-is-sponsoring-the-grammys-this-year/
"according to a University of Chicago survey, nearly one in five US households purchased a gun during the pandemic.",TRUE,3/24/2022,https://www.norc.org/research/library/one-in-five-american-households-purchased-a-gun-during-the-pande.htm
"Dua Lipa was sued by multiple bands and songwriters, who alleged that she ripped off their previous work for her song ""Levitating"".",TRUE,3/7/2022,https://www.nbcnews.com/pop-culture/music/dua-lipa-faces-two-lawsuits-song-levitating-legal-experts-say-copyrigh-rcna18800
"the new Duke men's basketball head coach, Mike Krzyzewski, coached the first game of his career in March 2022.",FALSE,3/3/2022,https://bleacherreport.com/articles/10028644-tickets-for-mike-krzyzewskis-final-duke-home-game-more-expensive-than-super-bowl-56
"Ukraine's Antonov AN-225 Mriya, the world's largest plane, was destroyed in a Russian attack on an airport near Kyiv.",TRUE,2/25/2022,https://en.wikipedia.org/wiki/Battle_of_Antonov_Airport
"despite placing first, the Russian figure skating team for the 2022 Winter Olympics had their gold medals delayed due to a failed drug test.",TRUE,2/9/2022,https://www.npr.org/2022/02/09/1079512063/olympics-figure-skating-medals-russia-kamila-valieva
"in January 2022, Peloton filed for bankruptcy and planned to shut down all US factories.",FALSE,1/20/2022,https://www.cnbc.com/2022/01/20/peloton-to-pause-production-of-its-bikes-treadmills-as-demand-wanes.html
the New York Times agreed to acquire the magazine The Atlantic in 2022.,FALSE,1/6/2022,https://www.bloomberg.com/news/articles/2022-01-06/n-y-times-is-said-to-buy-the-athletic-in-a-550-million-deal
"the startup Rentbrella launched kiosks in San Diego, planning to compete in the electric scooters market.",FALSE,1/26/2022,https://www.reuters.com/technology/brazil-startup-rentbrella-eyes-european-expansion-after-us-rollout-2022-01-26/
LA's Staples Center was renamed to Crypto.com Arena on Christmas 2021.,TRUE,12/28/2021,https://www.morningbrew.com/daily/issues/biggest-flop
the movie Spider-Man: No Way Home brought in 253 million dollars in the US box office during its opening weekend.,TRUE,12/19/2021,https://variety.com/2021/film/news/spiderman-no-way-home-box-office-opening-weekend-pandemic-record-1235137725/
New Zealand passed a law banning anyone born before 2008 from ever purchasing hard liquor in the country.,FALSE,12/9/2021,https://www.nytimes.com/2021/12/09/world/asia/new-zealand-smoking-ban.html?partner=slack&smid=sl-share
"Jack Dorsey has stepped down from CEO at Twitter, naming Parag Agrawal as his successor.",TRUE,11/29/2021,https://www.morningbrew.com/daily/issues/d-oh
"El Salvador President Nayib Bukele has announced plans to build a Bitcoin City, powered by geothermal energy from a nearby volcano.",TRUE,11/21/2021,https://www.bbc.com/news/world-latin-america-59368483
Sweetgreen's shares jumped 76% in its public market debut.,TRUE,11/18/2021,https://www.cnbc.com/2021/11/18/sweetgreen-ipo-sg-starts-trading-on-the-new-york-stock-exchange.html
Jes Staley stepped down as CEO of Barclays after regulators uncovered past contacts with Jeffrey Epstein.,TRUE,11/1/2021,https://apnews.com/article/business-europe-crime-jeffrey-epstein-6800ce76a447b0c08fb9d0c1d3b38446
"architect Dennis McFadden resigned from University of California, Santa Barbara, due to issues with the construction of a new dorm.",TRUE,10/30/2021,https://www.morningbrew.com/daily/issues/munger-controversy
private equity firm Blackstone has taken a majority stake in athletic and shapewear brand Lululemon.,FALSE,10/21/2021,https://www.morningbrew.com/daily/issues/pinterested
"during a ceremony for the Planeta prize in literature, Spanish author Carmen Mola was revealed to be a pseudonym for a team of three men.",TRUE,10/16/2021,https://www.theguardian.com/books/2021/oct/16/female-spanish-thriller-writer-carmen-mola-revealed-to-be-three-men
New York City's public libraries eliminated late fees permanently for all visitors.,TRUE,10/5/2021,https://www.npr.org/2021/10/05/1043412502/library-fees-eliminated-new-york
"the Gilgamesh Tablet, previously smuggled out of Iraq, has been returned to Iraq.",TRUE,9/23/2021,https://www.axios.com/local/washington-dc/2021/09/23/ancient-tablet-gilgamesh-return-iraq?utm_source=morning_brew
US solar installations shrank by 30% from 2019 to 2020.,FALSE,3/16/2021,https://www.cnbc.com/2021/03/16/the-us-solar-industry-posted-record-growth-in-2020-despite-covid-19-new-report-finds.html?utm_source=morning_brew
Chinese president Xi Jinping announced in a United Nations that he would accelerate the building of coal power plants overseas.,FALSE,9/21/2021,https://www.nytimes.com/2021/09/21/climate/china-power-plants-coal.html
South Korea's National Assembly passed a bill that will require Google and Apple to allow alternative payment systems to be used in their app stores.,TRUE,8/31/2021,https://www.wsj.com/articles/google-apple-hit-in-south-korea-by-worlds-first-law-ending-their-dominance-over-app-store-payments-11630403335?st=dh3dbi4h20et6lc&reflink=article_copyURL_share
"hurricane Ida made landfall as a Category 4 hurricane with 150 miles per hour winds, more powerful than hurricane Katrina.",TRUE,8/29/2021,https://www.morningbrew.com/daily/issues/2021/08/30
South Korea became the first major economy in Asia to raise interest rates since the COVID pandemic began.,TRUE,8/26/2021,https://www.bbc.com/news/business-58338261?utm_source=morning_brew
Pfizer's Covid-19 vaccine received full approval from the FDA.,TRUE,8/23/2021,https://www.morningbrew.com/daily/issues/2021/08/24
Team USA won the most gold medals at the 2021 Olympics.,TRUE,8/8/2021,https://nypost.com/2021/08/08/olympics-2020-medal-count-team-usa-rallies-for-most-gold/?utm_source=morning_brew
"Square cofounder and CEO Jack Dorsey announced that his company would buy Afterpay, an Australian company. ",TRUE,8/1/2021,https://squareup.com/us/en/press/square-announces-plans-to-acquire-afterpay
Disney movie Black Widow earned 80 million dollars in its opening weekend at the box office.,TRUE,7/11/2021,"https://www.cnbc.com/2021/07/11/black-widow-opening-weekend-highest-pandemic-box-office-opening-.html#:~:text=%E2%80%9CBlack%20Widow%E2%80%9D%20tallied%20%2480%20million,M%20from%20international%20ticket%20sales."
"Yellowstone park hosted an all time low number of recreation visits in June 2021, a 50% decrease from June 2020.",FALSE,7/15/2021,https://www.nps.gov/yell/learn/news/21020.htm?utm_source=morning_brew
Lebron James became the first NBA athlete to earn 1 billion dollars in his career while still active.,TRUE,7/22/2021,https://www.sportico.com/personalities/athletes/2021/lebron-james-career-earnings-nba-billion-1234634822/?utm_source=morning_brew
Flipkart raised $3.6 billion at a valuation of $38 billion.,TRUE,7/12/2021,https://techcrunch.com/2021/07/11/flipkart-valued-at-37-6-billion-in-new-3-6-billion-fundraise/?utm_source=morning_brew
"Tesla only delivered 100,000 vehicles in the second quarter of 2021.",FALSE,7/2/2021,https://www.cnbc.com/2021/07/02/tesla-tsla-q2-2021-vehicle-production-and-delivery-numbers.html?utm_source=morning_brew
e-cigarette company Juul agreed to pay $40 million to North Carolina to settle allegations that its marketing effort targeted teenagers.,TRUE,6/28/2021,https://www.nytimes.com/2021/06/28/health/juul-vaping-settlement-north-carolina.html?utm_source=morning_brew
soccer star Cristiano Ronaldo was the first person in the world to reach 300 million followers on Instagram.,TRUE,6/18/2021,"https://bleacherreport.com/articles/10006108-cristiano-ronaldo-becomes-1st-person-to-reach-300m-instagram-followers#:~:text=Cristiano%20Ronaldo%20Becomes%201st%20Person%20to%20Reach%20300M%20Instagram%20Followers,-Mike%20Chiari%40%40&text=In%20addition%20to%20being%20European,king%20of%20Instagram%20as%20well."
Google opened its first official permanent physical retail space in California.,FALSE,6/16/2021,https://www.cnbc.com/2021/06/16/googles-first-store-a-look-inside-where-it-will-sell-pixels-chromebooks.html?utm_source=morning_brew
"China's government announced an increase in birth limits, starting May 2021, to allow all couples to have five children instead of two.",FALSE,5/31/2021,https://apnews.com/article/china-bd12b9c524853f33cca8db3a6930b936?utm_source=morning_brew
Virgin Galactic completed its third spaceflight of the year in 2021.,FALSE,5/22/2021,https://www.cnbc.com/2021/05/22/virgin-galactic-completes-third-spaceflight-of-vss-unity.html?utm_source=morning_brew
"Phil Mickelson, at age 50, became the oldest golfer to win a major tournament.",TRUE,5/23/2021,https://www.espn.com/golf/story/_/id/31497332/how-phil-mickelson-stunned-golf-becoming-oldest-major-champion?utm_source=morning_brew
Joe Biden signed an executive order increasing the minimum wage for federal contractors to $38/hour.,FALSE,4/27/2021,https://thehill.com/homenews/administration/550407-biden-to-seek-extra-80b-for-irs/?utm_source=morning_brew
"Coinbase, a cryptocurrency exchange, went public on the Nasdaq.",TRUE,4/14/2021,https://apnews.com/article/coinbase-stock-ipo-price-c3b802074ce4349b5bccf9ba43022800?utm_source=morning_brew
Major League Baseball moved the 2021 All-Star Game from Atlanta to Denver.,TRUE,4/6/2021,"https://www.npr.org/2021/04/06/984711881/mlb-moves-all-star-game-to-colorado-amid-uproar-over-georgia-voting-law#:~:text=Major%20League%20Baseball's%202021%20All,to%20host%20baseball's%20midseason%20centerpiece."
Vanderbilt defeated Mississippi State to win their first national basketball championship.,FALSE,6/30/2021,https://www.ncaa.com/live-updates/baseball/d1/mississippi-state-wins-2021-college-world-series-its-first-ncaa-championship-school-history
Square acquired the majority of streaming service Tidal.,TRUE,3/4/2021,https://www.nytimes.com/2021/03/04/business/media/tidal-square-jay-z-dorsey.html
the Supreme Court allowed Trump's lawyers to block a tax return subpoena in a 2021 ruling.,FALSE,2/22/2021,https://www.politico.com/news/2021/02/22/supreme-court-donald-trump-tax-returns-new-york-470826?utm_source=morning_brew
Rush Limbaugh died at age 74.,FALSE,2/17/2021,https://www.nbcnews.com/politics/politics-news/conservative-radio-personality-rush-limbaugh-has-died-age-70-n1164306?utm_source=morning_brew
Boeing posted a record annual loss of 12 billion dollars during 2021.,TRUE,1/27/2021,https://www.cnbc.com/2021/01/27/boeing-ba-q4-2020-earnings.html?utm_source=morning_brew
California was the first American state to hit 1 million COVID-19 vaccinations.,FALSE,1/15/2021,https://www.morningbrew.com/daily/issues/2021/01/15
Donald Trump became the third US president to get impeached twice.,FALSE,1/14/2021,https://www.bbc.com/news/world-us-canada-55656385?utm_source=morning_brew
"Upside Foods, a startup working on lab-grown meat, raised $300 million in Series B funding.",FALSE,1/22/2020,https://www.forbes.com/sites/michaelpellmanrowland/2020/01/22/memphis-meats-raises-161-million-series-b-funding-round-aims-to-bring-cell-based-products-to-consumers-for-the-first-time/?sh=483c245d428d
"the CEOs of over 30 companies joined together to form OneTen, a coalition pledging to hire 1 million Black workers over the next decade.",TRUE,12/11/2020,https://www.usatoday.com/story/money/2020/12/11/oneten-coalition-walmart-comcast-target-black-employment/3893139001/?utm_source=morning_brew
the SEC sued cryptocurency Ripple for allegedly violating investor protection laws.,TRUE,12/22/2020,https://www.theblock.co/linked/88912/sec-ripple-labs-lawsuit-filed-2?utm_source=morning_brew
crypto exchange Coinbase filed paperwork with the SEC to go public.,TRUE,12/17/2020,https://www.cnbc.com/2020/12/17/largest-us-cryptocurrency-exchange-coinbase-files-for-ipo-as-bitcoin-soars-past-23000.html?utm_source=morning_brew
Joe Biden pledged that the US would rejoin the Paris Accord and invest in clean energy.,TRUE,12/12/2020,https://apnews.com/article/europe-climate-climate-change-paris-france-6e21f86b5c4affaee8ee04e870a1ea6c?utm_source=morning_brew
Iranian nuclear scientist Mohsen Fakhrizadeh was assassinated.,TRUE,11/28/2020,https://www.npr.org/2020/11/28/939675848/iran-vows-retaliation-in-proper-time-for-nuclear-scientists-killing?utm_source=morning_brew
China issued debt at a negative interest rate for the first time in November 2020.,TRUE,11/19/2020,https://www.cnn.com/2020/11/19/economy/china-negative-yield-bond/index.html?utm_source=morning_brew
Governor Cuomo issued new Covid-19 restrictions requiring New York bars and restaurants to close at 10pm.,TRUE,11/11/2020,https://nypost.com/2020/11/11/gov-cuomo-orders-ny-restaurants-bars-to-close-at-10pm/?utm_source=morning_brew
CBL Properties and Pennsylvania Real Estate Investment Trust filed for bankruptcy.,TRUE,11/2/2020,https://www.cnn.com/2020/11/02/investing/mall-bankruptcies-cbl-properties-preit/index.html?utm_source=morning_brew
"Alphabet reported very poor earnings, at a net loss in the third quarter of 2020.",FALSE,10/29/2020,https://www.wsj.com/articles/google-alphabet-googl-3q-earnings-report-2020-11603988595?utm_source=morning_brew
NASA announced plans to team up with Bell Labs to install a 4G network on the moon.,TRUE,10/19/2020,https://www.cnn.com/2020/10/18/tech/4g-network-moon-trnd/index.html?utm_source=morning_brew
Stripe announced that it would acquire Nigerian fintech company Paystack.,TRUE,10/15/2020,https://techcrunch.com/2020/10/15/stripe-acquires-nigerias-paystack-for-200m-to-expand-into-the-african-continent/?utm_source=morning_brew&guccounter=1&guce_referrer=aHR0cHM6Ly93d3cubW9ybmluZ2JyZXcuY29tLw&guce_referrer_sig=AQAAAFnbpz6ZjVz9DnBWFwbJbYiFNVH1clxAgrftmp9f1HRIJswdYv-m4GCAByytAC7a_pTKytSev-L2i_HywR365I6RbGAb07l_DRr4kAywdmT5ZQRxaw4n7rWRWRVkWXbgZrMGq1EPO9KnFdc8A6eVPcTyo9GsuZQhyQ-U3Fkj6kYV
the 2020 Nobel Peace Prize was awarded to the Canadian World Food Programme.,FALSE,10/9/2020,https://www.bbc.com/news/world-54476569?utm_source=morning_brew
Palantir went public with an IPO in 2021.,FALSE,9/30/2020,"https://www.nytimes.com/2020/09/30/technology/palantir-stock-initial-public-offering.html#:~:text=The%20company's%20shares%20began%20trading,3."
Ruth Bader Ginsburg passed away in September of 2020.,TRUE,9/18/2020,https://www.nytimes.com/2020/09/18/us/ruth-bader-ginsburg-dead.html
"Jean-Sebastien Jacques, former CEO of mining corporation Rio Tinto, retired amicably from his position.",FALSE,9/10/2020,"https://www.cnn.com/2020/09/10/business/rio-tinto-ceo-intl-hnk/index.html#:~:text=Rio%20Tinto%20(RIO)%20CEO%20Jean,expand%20an%20iron%20ore%20mine."
Johnson & Johnson agreed to buy Momenta Pharmaceuticals for 8 billion dollars.,FALSE,8/19/2020,https://www.fiercebiotech.com/biotech/j-j-inks-6-5b-momenta-buyout-to-bag-autoimmune-drug?utm_source=morning_brew
Apple's market cap surpassed $2 trillion.,TRUE,8/19/2020,https://www.cnbc.com/2020/08/19/apple-reaches-2-trillion-market-cap.html?utm_source=morning_brew
Bayern Munich defeated Paris Saint-Germain in the 2020 Champions League,TRUE,8/20/2020,https://fcbayern.com/en/club/honours/champions-league/champions-league-winner-2020
Taylor Swift's album Folklore sold 1.3 million copies in 24 hours.,TRUE,7/25/2020,https://variety.com/2020/music/news/taylor-swift-folklore-million-sold-24-hours-1234716578/?utm_source=morning_brew
Qualcomm announced an investment in India Jio Platforms.,TRUE,7/13/2020,https://www.fiercewireless.com/financial/qualcomm-invests-97m-reliance-jio-google-commits-10b-to-india
ESPN suspended Adrian Wojnarowski without pay for an email to a senator which contained profanity.,TRUE,7/12/2020,https://nypost.com/2020/07/12/espn-suspends-woj-for-f-k-you-email-to-missouri-senator/?utm_source=morning_brew
the New York Times ended its partnership with Apple News.,TRUE,7/29/2020,https://www.reuters.com/article/us-new-york-times-apple-news/new-york-times-ends-partnership-with-apple-news-idUSKBN2402RJ?utm_source=morning_brew
President Trump signed an order suspending employment-based visas like the H-1B for high-skilled workers.,TRUE,6/22/2020,https://www.buzzfeednews.com/article/adolfoflores/trump-is-suspending-certain-visas-for-foreign-workers?utm_source=morning_brew
Boston Dynamics released its robot Spot for general sale for $5000.,FALSE,6/16/2020,https://www.theverge.com/21292684/boston-dynamics-spot-robot-on-sale-price?utm_source=morning_brew
"Over 100,000 people turned out in Washington, D.C. to protest racial injustice after the death of George Floyd.",TRUE,6/6/2020,https://www.nbcphiladelphia.com/news/local/watch-for-7th-straight-day-philly-protests-racism-police-violence/2422444/?_osource=SocialFlowTwt_PHBrand
Latam Airlines filed for bankruptcy in August.,FALSE,5/26/2020,https://finance.yahoo.com/news/latam-airlines-files-bankruptcy-protection-143245744.html?utm_source=morning_brew
World Trade Organization's Directory-General Roberto Azevedo stepped down from his position.,TRUE,5/14/2020,https://www.nytimes.com/2020/05/14/business/wto-chief-roberto-azevedo.html?utm_source=morning_brew
"Felix Kjellberg, also known as content creator PewDiePie, signed an excusive live streaming deal with Twitch.",FALSE,5/4/2020,https://www.hollywoodreporter.com/business/digital/pewdiepie-signs-streaming-deal-youtube-1293109/?utm_source=morning_brew
Ford posted a multi-billion dollar loss in Q1 of 2020.,TRUE,4/28/2020,https://www.reuters.com/article/us-ford-motor-results/ford-posts-2-billion-first-quarter-loss-due-to-coronavirus-idUSKCN22A1CX?feedType=RSS&feedName=businessNews&utm_source=morning_brew
"Hank Steinbrenner of the New York Yankees, died at age 69.",FALSE,4/14/2020,https://nypost.com/2020/04/14/hank-steinbrenner-yankees-co-owner-dead-at-63/?utm_source=morning_brew
internet startup OneWeb filed for bankruptcy.,TRUE,3/28/2020,https://www.bbc.com/news/science-environment-52070949?utm_source=morning_brew
"Jefferies Group CFO Peg Broadbent died, 56, from a heart attack.",FALSE,3/29/2020,https://www.bloomberg.com/news/articles/2020-03-29/jefferies-group-cfo-dies-from-coronavirus-complications?srnd=premium&utm_source=morning_brew
New York City closed its school system in response to the COVID-19 pandemic.,TRUE,3/15/2020,https://www.nbcnews.com/news/us-news/new-york-city-close-schools-bars-restaurants-around-u-s-n1159651?utm_source=morning_brew
"Qiagen, a German genetic testing company, agreed to buy Thermo Fisher.",FALSE,3/3/2020,https://www.reuters.com/article/us-qiagen-m-a-thermo-fisher/thermo-fisher-agrees-to-buy-genetic-tester-qiagen-in-11-5-billion-deal-idUSKBN20Q0OW?utm_source=morning_brew
fintech startup Klarna announced that they earned $90 million in profits in 2019.,FALSE,2/26/2020,https://www.cnbc.com/2020/02/26/swedish-fintech-startup-klarna-reports-first-ever-annual-loss-in-2019.html?utm_source=morning_brew
"in the New Hampshire primary, senator Bernie Sanders beat out Pete Buttigieg.",TRUE,2/11/2020,https://www.theguardian.com/us-news/2020/feb/10/new-hampshire-primary-bernie-sanders-pete-buttigieg
Samsung unveiled the Galaxy Z Flip in San Francisco.,TRUE,2/11/2020,https://www.wsj.com/articles/samsung-unveils-new-lineup-of-smartphones-11581447601?mod=searchresults&page=1&pos=1&mod=article_inline&utm_source=morning_brew
e-scooter company Circ confirmed acquisition of its competitor Bird.,FALSE,1/27/2020,https://techcrunch.com/2020/01/27/bird-confirms-acquisition-of-berlin-scooter-competitor-circ/?utm_source=morning_brew
MNG Jet said its private jets were used illegally to help Carlos Ghosn flee from Japan.,TRUE,1/3/2020,https://apnews.com/article/28554bfeb1723b98d38e89675460fa1b
"the British royal wedding of Prince Harry and Meghan Markle took place at a secluded resort in Bournemouth Beach, away from the media spotlight.",FALSE,5/19/2018,https://en.wikipedia.org/wiki/Wedding_of_Prince_Harry_and_Meghan_Markle
"Croatia won the 21st FIFA World Cup, defeating France in the final match held at the Luzhniki Stadium in Moscow.",FALSE,7/15/2018,https://en.wikipedia.org/wiki/2018_FIFA_World_Cup_final
"the European Union implemented a law, the General Data Protection Regulation (GDPR), strengthening data privacy and security rights for individuals in the EU.",TRUE,5/25/2018,https://en.wikipedia.org/wiki/General_Data_Protection_Regulation
"the World Health Organization has officially classified video game addiction, or ""gaming disorder"", as a mental health condition.",TRUE,6/18/2018,https://www.cnn.com/2018/06/18/health/video-game-disorder-who/index.html
"the European Union has implemented the General Social Media Control Act (GSMCA) to regulate online content, making social media content safer for young children.",FALSE,5/25/2018,https://en.wikipedia.org/wiki/General_Data_Protection_Regulation
"NASA has sent its InSight spacecraft to orbit Venus, collecting data about Venus' atmosphere and surface.",FALSE,5/5/2018,https://en.wikipedia.org/wiki/InSight
"Facebook faced a scandal when Cambridge Analytica, a political consulting firm, exploited Facebook user data to influence Trump's 2016 presidential campaign.",TRUE,5/1/2018,https://en.wikipedia.org/wiki/Cambridge_Analytica
"the Canadotitan mayorum, a new species of dinosaur, was discovered by a team of international researchers in Canada.",FALSE,8/9/2017,https://www.amnh.org/explore/news-blogs/news-posts/meet-patagotitan-mayorum
"the world's longest undersea tunnel is the Hong Kong-Zhuhai-Macau Tunnel, which connects Hong Kong and Macau to mainland China.",FALSE,10/22/2018,https://www.cnn.com/2018/10/21/world/hong-kong-zhuhai-macau-bridge-intl/index.html
the European Space Agency launched its BepiColombo mission for the purpose of studying Mars' atmosphere and surface.,FALSE,10/20/2018,https://en.wikipedia.org/wiki/BepiColombo
"Princess Eugenie of York, a member of the British royal family, was married to Jack Brooksbank at St. George's Chapel in Windsor Castle.",TRUE,10/12/2018,https://en.wikipedia.org/wiki/Wedding_of_Princess_Eugenie_and_Jack_Brooksbank
"the ""Kiki Challenge"" was a social media viral trend in which people danced to the Travis Scott and Drake song ""Sicko Mode"".",FALSE,7/31/2018,https://www.washingtonpost.com/news/worldviews/wp/2018/07/31/arrests-fines-and-injuries-the-in-my-feelings-challenge-has-gone-global-with-dangerous-results/
"the 2018 Winter Paralympics were held in Pyeongchang, South Korea.",TRUE,3/9/2018,https://en.wikipedia.org/wiki/2018_Winter_Paralympics
"Denver was the first major U.S. city to ban plastic straws and utensils, in an effort to reduce plastic waste.",FALSE,7/2/2018,https://www.independent.co.uk/news/world/americas/seattle-plastic-straws-ban-law-violation-fines-restaurants-code-environment-utensils-a8427361.html
"the Republic of Macedonia has officially changed its name to North Macedonia, ending a longstanding dispute with Greece.",TRUE,2/12/2019,https://en.wikipedia.org/wiki/Macedonia_naming_dispute
James P. Allison and Tasuku Honjo received the 2018 Nobel Prize in Physiology or Medicine for their research in neurodegenerative disease treatments.,FALSE,10/1/2018,https://www.nobelprize.org/prizes/medicine/2018/press-release/
"Microsoft holds the world record for the world's smallest computer, with a device measuring just 0.3 millimeters by 0.3 millimeters.",FALSE,6/22/2018,https://www.cnet.com/science/university-of-michigan-outdoes-ibm-with-worlds-smallest-computer/
"Kendrick Lamar, with his album ""DAMN."", is the first holder of a Pulitzer Prize in Music for a hip-hop album.",TRUE,4/16/2018,https://www.npr.org/sections/therecord/2018/04/16/602948758/kendrick-lamars-damn-wins-historic-pulitzer-prize-in-music
"Donald Trump, as President, signed the United States–Mexico–Canada Agreement, a trade deal creating a new free trade zone in North America.",TRUE,10/30/2018,https://www.nytimes.com/2018/11/30/world/americas/trump-trudeau-canada-mexico.html
"the United States has pulled out of a six-decade-old treaty with Iran, straining diplomatic and economic relations between the two countries.",TRUE,10/3/2018,https://www.nytimes.com/2018/10/03/world/middleeast/us-withdraws-treaty-iran.html
"the WADA has reinstated Russia's anti-doping agency, allowing Russia to conduct its own testing for performance-enhancing drugs in athletes.",TRUE,9/20/2018,https://www.nytimes.com/2018/09/20/sports/olympics/russia-wada-antidoping-reinstated.html
"Scotland was the first country in the world to provide free sanitary products to students at schools, colleges, and universities.",TRUE,8/30/2018,https://www.nytimes.com/2018/08/29/world/europe/uk-scotland-free-sanitary-products.html
"NASA launched the Parker Solar Probe as its first ever attempt to ""touch the sun"" and study the sun's outer atmosphere.",TRUE,8/11/2018,https://www.nytimes.com/2018/08/11/science/parker-solar-probe-launch.html
MGM Resorts sued 1000 victims of the Las Vegas shooting to attempt to avoid liability for the shooting.,TRUE,7/17/2018,https://www.nytimes.com/2018/07/17/us/mgm-resorts-sues-victims.html
"Novichok, a deadly nerve agent developed by Russian research labs, has never been used on a civilian.",FALSE,3/4/2018,https://www.nytimes.com/2018/03/13/world/europe/uk-russia-spy-poisoning.html
"As NYC major, Bill de Blasio proposed a new admissions process for NYC's specialized high schools in order to increase admissions opportunities for black and Latino students.",TRUE,6/2/2018,https://www.nytimes.com/2018/06/02/nyregion/de-blasio-new-york-schools.html
"in 2018, the highest court of the European Union ruled that EU countries which had not yet legalized same-sex marriage were also not required to recognize the same-sex marriages of EU and non-EU citizens for purposes of immigration",FALSE,6/5/2018,https://www.nytimes.com/2018/06/05/world/europe/romania-ecj-gay-marriage.html
"Shah Marai, a photojournalist known for his work on the Afghan war, was killed in a bombing in Kabul.",TRUE,5/1/2018,https://www.nytimes.com/2018/04/30/world/asia/shah-marai-afghan-photographer-killed.html
"Chinese artist Deng Yufeng protested data privacy issues by purchasing and displaying 300,000 Chinese citizens' personal data in a Wuhan art exhibition.",TRUE,4/13/2018,https://www.nytimes.com/2018/04/13/technology/china-personal-data-museum.html
"Lee Myung-Bak, a former president of South Korea, was arrested and sentenced to 15 years of prison on charges of bribery and embezzlement.",TRUE,10/5/2018,https://www.bbc.com/news/world-asia-45756561
"in the 2018 elections for the Indian Senate, India elected a Muslim woman from a lower caste for the first time in the country's history.",FALSE,3/5/2018,nytimes.com/2018/03/05/world/asia/pakistan-hindu-woman-senate.html
"Ghana, Ethiopia, Kenya, and other sub-Saharan African countries boast some of the slowest-growing obesity rates in the world.",FALSE,1/27/2018,https://www.nytimes.com/2018/01/27/world/africa/kenya-obesity-diabetes.html
"a federal court ruled North Carolina's congressional map as unconstitutional, the first time a congressional map has been blocked due to partisan gerrymandering.",TRUE,1/9/2018,https://www.nytimes.com/2018/01/09/us/north-carolina-gerrymander.html
the Douma suburb of Damascus suffered a chlorine gas attack that killed 43 people and that has been blamed on the Syrian government.,TRUE,4/7/2018,https://www.nytimes.com/2018/04/07/world/middleeast/syria-poison-gas.html
"in the lawsuit Students for Fair Admissions v. Harvard, data analysts found that Harvard rated Asian-American applicants equally with applicants of other races with respect to personality metrics.",FALSE,6/15/2018,https://www.nytimes.com/2018/06/15/us/harvard-asian-enrollment-applicants.html
"under Betsy Devos, the US Department of Education has reaffirmed the gainful employment rule, a requirement that for-profit colleges prove their enrolled students receive decent-paying jobs.",FALSE,8/10/2018,https://www.nytimes.com/2018/08/10/us/politics/betsy-devos-for-profit-colleges.html
"a prominent Saudi dissident, Jamal Khashoggi, was detained in the Saudi consulate and subsequently assassinated by Saudi Crown Prince Mohammed bin Salman.",TRUE,10/7/2018,https://www.nytimes.com/2018/10/07/world/middleeast/turkey-jamal-khashoggi-saudi-arabia.html
"after 45 years of airing live boxing matches, TV network HBO has discontinued its boxing programming.",TRUE,9/27/2018,https://www.nytimes.com/2018/09/27/sports/hbo-boxing.html
"the US Senate has begun setting aside money for paying summer interns, thereby moving away from its historical trend of unpaid internships.",TRUE,6/28/2018,https://www.nytimes.com/2018/06/28/us/politics/senate-paid-internships.html
"in November 2018, tens of thousands of Google employees staged walkouts in order to protest the company's data privacy and social media content policies.",FALSE,11/1/2018,https://www.nytimes.com/2018/11/01/technology/google-walkout-sexual-harassment.html
"the first-ever picture taken of a black hole, captured by the Event Horizon Telescope, is of the supermassive black hole at the center of the Andromeda Galaxy.",FALSE,4/10/2019,https://www.nasa.gov/mission_pages/chandra/news/black-hole-image-makes-history/
"Greta Thunberg, a Swedish environmental activist, was named Time Person of the Year for raising awareness about ocean pollution and inspiring an ocean cleanup movement.",FALSE,12/11/2019,https://www.nytimes.com/2019/12/11/business/media/time-person-of-the-year-greta-thunberg.html
Paul Manafort was discovered to have shared private emails from Trump business associates with Russian intelligence during the Trump campaign.,FALSE,1/8/2019,https://www.nytimes.com/2019/01/08/us/politics/manafort-trump-campaign-data-kilimnik.html
"the US Justice Department charged Huawei and its CEO, Ren Zhengfei, with evading Iranian sactions.",FALSE,1/28/2019,https://www.nytimes.com/2019/01/28/us/politics/meng-wanzhou-huawei-iran.html
"in May 2019, a North Korean weapons test fired short-range missiles that landed and detonated near a small town in South Korea.",FALSE,5/3/2019,https://www.nytimes.com/2019/05/03/world/asia/north-korea-missile.html
"the US Justice Department charged dozens of wealthy parents, such as actress Lori Loughlin, with fraud in the college admissions processes of their children.",TRUE,3/12/2019,https://www.nytimes.com/2019/03/12/us/college-admissions-cheating-scandal.html
"in a Congressional hearing, Juul was accused of targeting schools with sponsorships and education programs to influence teens to use their tobacco products.",TRUE,7/25/2019,https://www.nytimes.com/2019/07/25/health/juul-teens-vaping.html
Denver teachers went on strike for the first time in 25 years to protest their new performance-based pay system.,TRUE,2/11/2019,https://www.nytimes.com/2019/02/11/us/denver-teacher-strike.html
Karl Lagerfield died at age 82 in Berlin.,FALSE,2/19/2019,https://www.nytimes.com/2019/02/19/obituaries/karl-lagerfeld-dead.html
TAVR was found to be much safer than open-heart surgery in a study published in the New England Journal of Medicine in 2019.,TRUE,3/17/2019,https://www.nytimes.com/2019/03/16/health/aortic-valve-replacement-heart.html
"Algeria’s army chief of staff, Gen. Ahmed Gaid Salah, staged a coup that led Abdelaziz Bouteflika to abdicate his presidency.",FALSE,3/26/2019,https://www.nytimes.com/2019/03/26/world/africa/algeria-army-president-bouteflika.html
"after returning from a year aboard the International Space Station, astronaut Scott Kelly was given a battery of cognitive tests that showed an improvement in his cognitive abilities.",FALSE,4/11/2019,https://www.nytimes.com/2019/04/11/science/scott-mark-kelly-twins-space-nasa.html
the billionaire Robert F. Smith pledged to pay off the student debts of the entire 2019 Morehouse College graduating class.,TRUE,5/19/2019,https://www.nytimes.com/2019/05/19/education/morehouse-college-robert-f-smith.html
"Larry Page and Sergey Brin announced they would step down as Alphabet CEO and president, respectively.",TRUE,12/3/2019,https://blog.google/alphabet/letter-from-larry-and-sergey/
FCC released an order blocking Sprint and T-mobile's merger.,FALSE,11/5/2019,https://www.reuters.com/article/us-sprint-m-a-tmobile/fcc-releases-order-approving-sprint-t-mobile-merger-vote-was-along-party-lines-idUSKBN1XF2DG?utm_source=morning_brew
Google confirmed a deal to pay 4 billion dollars cash in the acquisition of Fitbit.,FALSE,11/1/2019,https://www.bloomberg.com/news/articles/2019-11-01/google-to-buy-fitbit-for-2-1-billion-to-boost-hardware-business?srnd=premium&utm_source=morning_brew
Abu Bakr al-Baghdadi died during a raid by Russian forces.,FALSE,10/27/2019,https://apnews.com/article/donald-trump-syria-ap-top-news-international-news-abu-bakr-al-baghdadi-2c2c48e64f934d329c72a7af3dc284b1
the U.S. government launched a national security investigation into ByteDance's acquisition of Musical.ly.,TRUE,11/1/2019,https://www.reuters.com/article/us-tiktok-cfius-exclusive/exclusive-u-s-opens-national-security-investigation-into-tiktok-sources-idUSKBN1XB4IL?utm_source=morning_brew
Tesla surpassed General Motors in market cap in 2020.,FALSE,10/24/2019,https://www.reuters.com/article/us-tesla-stock/tesla-overtakes-gm-as-most-valuable-u-s-automaker-short-sellers-burned-idUSKBN1X31NG?utm_source=morning_brew
"AMC launched a standalone streaming service for AMC Stubs members, turning down partnership offers from Disney and Warner Bros.",FALSE,10/15/2019,https://www.usatoday.com/story/tech/talkingtech/2019/10/15/amc-theatres-launches-demand-movie-streaming-service/3983957002/?utm_source=morning_brew
Amazon led a $700 million investment in Rivian. ,TRUE,2/15/2019,https://www.cnbc.com/2019/02/15/rivian-announces-700-million-investment-round-led-by-amazon.html
Purdue Pharma officially filed for bankruptcy in New York.,TRUE,9/15/2019,https://www.bloomberg.com/news/articles/2019-09-16/purdue-pharma-seeks-bankruptcy-to-short-circuit-opioid-suits-k0luhox6?srnd=premium&utm_source=morning_brew
"Department of Justice officials moved to block the merger between T-Mobile and Sprint, citing concerns over monopolization.",FALSE,7/26/2019,https://www.cnbc.com/2019/07/26/t-mobile-sprint-merger-approved-by-doj.html?utm_source=morning_brew
online campsite platform Hipcamp raised $25 million in Series B funding.,TRUE,7/24/2019,https://techcrunch.com/2019/07/24/hipcamp/?utm_source=morning_brew
French lawmakers voted to put a 3% tax on several giant tech companies including Amazon and Google.,TRUE,7/11/2019,https://www.bbc.com/news/world-europe-48947922?utm_source=morning_brew
Kyriakos Mitsotakis was appointed as the new President of Greece in 2019.,FALSE,7/8/2019,https://www.nytimes.com/2019/07/08/world/europe/kyriakos-mitsotakis-greece.html?action=click&module=News&pgtype=Homepage&utm_source=morning_brew
San Francisco became the first U.S. city to pass an ordinance banning the sale of e-cigarettes.,TRUE,6/25/2019,https://www.bloomberg.com/news/articles/2019-06-25/juul-ban-in-san-francisco-is-expected-to-be-passed?utm_source=morning_brew
Patrick Dahi bought Sotheby's in a 1 billion dollar take-private deal.,FALSE,6/17/2019,https://www.cnn.com/2019/06/17/investing/sothebys-sale-patrick-drahi/index.html?utm_source=morning_brew
"the MSC Opera, a cruise ship, crashed in the French Riviera.",FALSE,6/2/2019,https://www.bbc.com/news/world-europe-48489158?utm_source=morning_brew
American Express acquired restaurant service Resy. ,TRUE,5/15/2019,https://www.eater.com/2019/5/15/18624609/resy-american-express-opentable-online-reservations
annual digital ad revenue in the United States surpassed $100 billion for the third time in 2018.,FALSE,5/7/2019,https://www.cnbc.com/2019/05/07/digital-ad-revenue-in-the-us-topped-100-billion-for-the-first-time.html?utm_source=morning_brew
the United States imposed a 17.5% import duty on Mexican tomatoes.,TRUE,5/7/2019,https://www.washingtonpost.com/business/2019/05/07/new-tariff-mexican-fresh-tomatoes-starts-tuesday-get-ready-prices-skyrocket/?utm_term=.78cd87640156&utm_source=morning_brew
Rite Aid announced it will raise the minimum age to buy tobacco in its stores from 18 to 25. ,FALSE,4/23/2019,https://www.cnbc.com/2019/04/23/rite-aid-raises-tobacco-buying-age-to-21-following-walgreens-lead.html?utm_source=morning_brew
Terry Gou said he would step down from being chairman at Foxconn to run for president of South Korea.,FALSE,4/17/2019,https://www.nytimes.com/2019/04/17/world/asia/terry-gou-foxcon-taiwan-presidential-race.html?utm_source=morning_brew
Jetblue announced plans to add multiple daily flights to London from San Francisco.,FALSE,4/11/2019,https://www.cnn.com/2019/04/11/business/jetblue-london-flights/index.html?utm_source=morning_brew
the United States suspended flights of the Boeing 737 Max. ,TRUE,3/13/2019,https://www.reuters.com/article/us-ethiopia-airplane/u-s-grounds-737-max-jets-boeing-shares-fall-again-idUSKBN1QU15W?utm_source=morning_brew
"In a late 2019 Nature Medicine case study, a woman with Alzheimer's disease experienced no cognitive decline for a few decades due to a rare genetic mutation she had.",TRUE,11/4/2019,https://www.nytimes.com/2019/11/04/health/alzheimers-treatment-genetics.html
"The SEC charged a senior attorney at Apple, Gene Levoff, with insider trading, accusing him of trading Apple stocks ahead of earnings.",TRUE,2/13/2019,https://www.sec.gov/news/press-release/2019-10
"Les Moonves started a new venture, Moon Rise, after having left CBS.",TRUE,2/8/2019,"https://www.vulture.com/2019/02/les-moonves-started-new-company-moon-rise-unlimited.html#:~:text=In%20Bad%20Surprise%20News%2C%20Les,Company%20Called%20Moon%20Rise%20Unlimited&text=After%20being%20fired%20from%20his,is%20getting%20back%20to%20work."
"the film ""Parasite"" was the first ever non-English language film to win the Academy Award for Best Picture.",TRUE,2/9/2020,https://en.wikipedia.org/wiki/92nd_Academy_Awards